{
  "name": "使用法术印记",
  "icon": "arsomega:chalk",
  "category": "arsomega:spell_sigils",
  "advancement": "arsomega:restricted_knowledge",
  "priority":true,
  "pages": [
    {
      "type": "text",
      "text": "法术印记是一种特殊的印记，可用于施放特殊效果。它们必须在相应粉笔图案的中央使用以生效。各个印记的条目内有相应图案的绘制方法，X代表需绘制，S代表需绘制且是印记使用处，-代表需空出。"
    }
  ]
}