{
  "name": "item.arsomega.sigil_air",
  "icon": "arsomega:sigil_air_active",
  "category": "arsomega:sigils",
  "pages": [
    {
      "type": "patchouli:spotlight",
      "item": "arsomega:sigil_air",
      "text": "气之印记代表气元素。",
      "link_recipe": "true"
    },
    {
      "type": "text",
      "text": "配方：$(br) x x x x x x x $(br) - - - - - - x $(br) x x x x x - x $(br) x - - - x - x $(br) x - x B x - x $(br) x - x x x - x $(br) x - - - - - x $(br) x x x x x x x $(br) $(br)魔源消耗：500"
    },
    {
      "type": "text",
      "text": "气之印记可被气之精华激活。"
    },
    {
      "type": "patchouli:crafting",
      "recipe": "arsomega:sigil_air_active"
    }
  ]
}