{
  "name": "item.arsomega.sigil_binding",
  "icon": "arsomega:sigil_binding_active",
  "category": "arsomega:sigils",
  "sortnum": 3,
  "pages": [
    {
      "type": "patchouli:spotlight",
      "item": "arsomega:sigil_binding",
      "text": "绑定印记是最为强大的印记之一，但也极其难以制造。",
      "link_recipe": "true"
    },
    {
      "type": "text",
      "text": "配方：$(br)- - - - - x x x x x - - - - - $(br)- - - x x x - x - x x x - - - $(br)- - x x - - x x x - - x x - - $(br)- x x - - - x - x - - - x x - $(br)- x - - - x x - x x - - - x - $(br)x x x x x x x x x x x x x x x $(br)x - x x - x - - - x - x x - x $(br)x - - x x x - B - x x x - - x $(br)x - - - x x x - x x x - - - x $(br)x x - - x - x x x - x - - x x $(br)- x - - x - x x x - x - - x - $(br)- x x - x x x - x x x - x x - $(br)- - x x x x - - - x x x x - - $(br)- - - x x x - - - x x x - - - $(br)- - - - - x x x x x - - - - - $(br)魔源消耗：2000"
    },
    {
      "type": "text",
      "text": "绑定印记可被恶魔之精华激活。"
    },
    {
      "type": "patchouli:crafting",
      "recipe": "arsomega:sigil_binding_active"
    }
  ]
}