{
  "name": "item.arsomega.sigil_earth",
  "icon": "arsomega:sigil_earth_active",
  "category": "arsomega:sigils",
  "pages": [
    {
      "type": "patchouli:spotlight",
      "item": "arsomega:sigil_earth",
      "text": "土之印记代表土元素。",
      "link_recipe": "true"
    },
    {
      "type": "text",
      "text": "配方：$(br) x x x x x x x $(br) x - x - x - x $(br) x x x - x x x $(br) x - - B - - x $(br) x x x - x x x $(br) x - x - x - x $(br) x x x x x x x $(br) $(br)魔源消耗：500"
    },
    {
      "type": "text",
      "text": "土之印记可被土之精华激活。"
    },
    {
      "type": "patchouli:crafting",
      "recipe": "arsomega:sigil_earth_active"
    }
  ]
}