{
  "name": "item.arsomega.sigil_life",
  "icon": "arsomega:sigil_life_active",
  "category": "arsomega:sigils",
  "pages": [
    {
      "type": "patchouli:spotlight",
      "item": "arsomega:sigil_life",
      "text": "生命印记代表生命元素。",
      "link_recipe": "true"
    },
    {
      "type": "text",
      "text": "配方：$(br) x x x - x x x $(br) x - x x x - x $(br) x - - - - - x $(br) x - - B - - x $(br) x x - - - x x $(br) - x x - x x - $(br) - - x x x - - $(br) $(br)魔源消耗：500"
    },
    {
      "type": "text",
      "text": "生命印记可被生命之精华激活。"
    },
    {
      "type": "patchouli:crafting",
      "recipe": "arsomega:sigil_life_active"
    }
  ]
}