{
  "name": "item.arsomega.sigil_nature",
  "icon": "arsomega:sigil_nature_active",
  "category": "arsomega:sigils",
  "pages": [
    {
      "type": "patchouli:spotlight",
      "item": "arsomega:sigil_nature",
      "text": "自然印记代表自然元素。",
      "link_recipe": "true"
    },
    {
      "type": "text",
      "text": "配方：$(br) - - - x - - - $(br) - - x x x - - $(br) - - - x - - - $(br) - x x B x x - $(br) - - - x - - - $(br) x x x x x x x $(br) - - - x - - - $(br) $(br)魔源消耗：500"
    },
    {
      "type": "text",
      "text": "自然印记可被自然之精华激活。"
    },
    {
      "type": "patchouli:crafting",
      "recipe": "arsomega:sigil_nature_active"
    }
  ]
}