{
  "name": "主动",
  "category": "arsomega:arcane_equipment",
  "icon": "minecraft:enchanted_book",
  "pages": [
    {
      "type": "text",
      "text": "主动魔咒是反应的姊妹魔咒。尽管为物品附魔此魔咒要更加昂贵，它的效果则与反应颇为相似：使得手持物品右击时能施法。"
    },
    {
      "recipe": "arsomega:proactive_1",
      "type": "ars_nouveau:enchanting_recipe"
    },
    {
      "recipe": "ars_nouveau:proactive_2",
      "type": "ars_nouveau:enchanting_recipe"
    },
    {
      "recipe": "ars_nouveau:proactive_3",
      "type": "ars_nouveau:enchanting_recipe"
    },
    {
      "recipe": "ars_nouveau:proactive_4",
      "type": "ars_nouveau:enchanting_recipe"
    },
    {
      "type": "text",
      "text": "改变主动物品中的法术需要一张法术羊皮纸和一个魔源宝石。"
    },
    {
      "recipe": "arsomega:proactive_write",
      "type": "apparatus_recipe"
    }
  ]
}