{
  "name": "Spike Array",
  "icon": "minecraft:iron_ingot",
  "category": "bloodmagic:alchemy_array/functional_array",
  "pages": [
    {
      "type": "patchouli:text",
      "text": "The Spike Array is a rather simple array with a single purpose. When a living entity steps into the array, they are hit with a full heart of damage. This is good for mob traps, or for making your base a bit spikier for players."
    },
    {
      "type": "bloodmagic:functional_array",
      "heading": "Spike Array",
      "recipe": "bloodmagic:array/spike",
      "image": "spikearray.png"
    }
  ]
}
