{
  "name": "Elytra",
  "icon": "minecraft:elytra",
  "category": "bloodmagic:alchemy_array/living_equipment/armor_upgrades",
  "pages": [
    {
      "type": "patchouli:text",
      "text": "Adds an Elytra to your Living Armor. Rather than being trained, the $(l:bloodmagic:alchemy_array/living_equipment/living_tomes)Upgrade Tome$() must be crafted. $(br2)This Elytra does drain durability from the Chestplate, but at half the speed of a normal Elytra. $(br2)It also looks pretty neat."
    },
    {
      "type": "bloodmagic:crafting_upgrade_array",
      "a.heading": "Elytra Tome",
      "a.recipe": "bloodmagic:array/living_elytra_upgrade",
      "b.upgrade": "bloodmagic:elytra"
    }
  ]
}