{
  "name": "Explosive Charges",
  "icon": "bloodmagic:shaped_charge",
  "category": "bloodmagic:demon_will/demonic_items",
  "pages":[
    {
      "type": "patchouli:text",
      "text": "Mining and foresting is all well and good for those who refuse to dream big, but what self-respecting sanguimancer would ever stoop to that? $(br2)With this in mind, you have devised some devious little devices. Simply throw them at some pesky trees, rocks, or whatever else you wish to cease to be and wait for them to self-ignite."
    },
    {
      "type": "patchouli:text",
      "text": "Not only that, you can improve their functionality by $(item)Anointing$() them with certain ingredients and a little $(raw)Will$(), as described after each entry.$(br2)The currently available anointments are as follows: $(li)Fortunate - broken blocks are affected by $(thing)Fortune$(). $(li)Heated Tool - Broken blocks are $(thing)Smelted$(). $(li)Soft Touch - Broken blocks are affected by $(thing)Silk Touch$(). $(li)Voiding - 'Junk' blocks are voided rather than dropping as items."
    },
    {
      "type": "bloodmagic:crafting_soulforge",
      "heading": "Shaped Charge",
      "recipe": "bloodmagic:soulforge/shaped_charge",
	  "anchor":"shaped_charge",
	  "text": "The $(item)Shaped Charge$() will destroy a 5x5x5 cube facing whichever side of a block it lands on, dropping all blocks as though mined with a pickaxe. It even works on Obsidian, and provides a most satisfying $(o)KABOOM$() whilst doing so."
    },
    {
      "type": "bloodmagic:3x_crafting_soulforge",
      "a.heading": "Voiding",
      "a.recipe": "bloodmagic:soulforge/shaped_charge_voiding",
      "b.heading": "Heated Tool",
      "b.recipe": "bloodmagic:soulforge/shaped_charge_smelting",
      "c.heading": "Soft Touch",
      "c.recipe": "bloodmagic:soulforge/shaped_charge_silk_touch"
    },
    {
      "type": "bloodmagic:crafting_soulforge",
      "heading": "Fortunate",
      "recipe": "bloodmagic:soulforge/shaped_charge_fortune_1"
    },
    {
      "type": "bloodmagic:crafting_soulforge",
      "heading": "Augmented Shaped Charge",
      "recipe": "bloodmagic:soulforge/aug_shaped_charge",
      "anchor":"shaped_charge_2",
      "text": "The $(item)Augmented Shaped Charge$() is a direct upgrade from the standard Shaped Charge. It will destroy a 7x7x7 cube facing whichever side of a block it lands on, dropping all blocks as though mined with a pickaxe. It can also be anointed with $(thing)Fortune II$()."
    },
    {
      "type": "bloodmagic:3x_crafting_soulforge",
      "a.heading": "Voiding",
      "a.recipe": "bloodmagic:soulforge/aug_shaped_charge_voiding",
      "b.heading": "Heated Tool",
      "b.recipe": "bloodmagic:soulforge/aug_shaped_charge_smelting_l",
      "c.heading": "Soft Touch",
      "c.recipe": "bloodmagic:soulforge/aug_shaped_charge_silk_touch_l"
    },
    {
      "type": "bloodmagic:2x_crafting_soulforge",
      "a.heading": "Fortunate",
      "a.recipe": "bloodmagic:soulforge/aug_shaped_charge_fortune_1_l",
      "b.heading": "Fortunate II",
      "b.recipe": "bloodmagic:soulforge/aug_shaped_charge_fortune_2_l"
    },
    {
      "type": "bloodmagic:crafting_soulforge",
      "heading": "Tunneling Shaped Charge",
      "recipe": "bloodmagic:soulforge/shaped_charge",
      "anchor":"shaped_charge",
      "text": "The $(item)Tunneling Shaped Charge$() will destroy a 5x5x20 tunnel facing whichever side of a block it lands on, dropping all blocks as though mined with a pickaxe. Good for mining."
    },
    {
      "type": "bloodmagic:3x_crafting_soulforge",
      "a.heading": "Voiding",
      "a.recipe": "bloodmagic:soulforge/shaped_charge_deep_voiding",
      "b.heading": "Heated Tool",
      "b.recipe": "bloodmagic:soulforge/shaped_charge_deep_smelting_l",
      "c.heading": "Soft Touch",
      "c.recipe": "bloodmagic:soulforge/shaped_charge_deep_silk_touch_l"
    },
    {
      "type": "bloodmagic:2x_crafting_soulforge",
      "a.heading": "Fortunate",
      "a.recipe": "bloodmagic:soulforge/shaped_charge_deep_fortune_1_l",
      "b.heading": "Fortunate II",
      "b.recipe": "bloodmagic:soulforge/shaped_charge_deep_fortune_2_l"
    },
    {
      "type": "bloodmagic:crafting_soulforge",
      "heading": "Deforester Charge",
      "recipe": "bloodmagic:soulforge/deforester_charge",
	  "anchor":"deforester_charge",
	  "text": "The $(item)Deforester Charge$() is for felling trees. It can be used on logs or leaves, and will fell all but the mightiest of trees, breaking up to $(item)two stacks$() of logs at a time (and neatly stripping away any leaves it encounters in the process!) Even the giant trees of the Jungle will fall in a matter of seconds."
    },
    {
      "type": "bloodmagic:3x_crafting_soulforge",
      "a.heading": "Voiding",
      "a.recipe": "bloodmagic:soulforge/deforester_charge_voiding",
      "b.heading": "Heated Tool",
      "b.recipe": "bloodmagic:soulforge/deforester_charge_smelting",
      "c.heading": "Soft Touch",
      "c.recipe": "bloodmagic:soulforge/deforester_charge_silk_touch"
    },
    {
      "type": "bloodmagic:crafting_soulforge",
      "heading": "Fortunate",
      "recipe": "bloodmagic:soulforge/deforester_charge_fortune_1"
    },
    {
      "type": "bloodmagic:crafting_soulforge",
      "heading": "Deforester Charge II",
      "recipe": "bloodmagic:soulforge/deforester_charge_2",
      "anchor":"deforester_charge_2",
      "text": "The $(item)Deforester Charge II$(), much like the standard Deforester Charge, is for breaking wood and trees. It can breaks up to 8x64 logs, clearing away aany connecting leaves. Excellent for making yourself a nice clearing in any Dark Oak Forest or Jungle you might happen to like the look of."
    },
    {
      "type": "bloodmagic:3x_crafting_soulforge",
      "a.heading": "Voiding",
      "a.recipe": "bloodmagic:soulforge/deforester_charge_voiding",
      "b.heading": "Heated Tool",
      "b.recipe": "bloodmagic:soulforge/deforester_charge_2_smelting_l",
      "c.heading": "Soft Touch",
      "c.recipe": "bloodmagic:soulforge/deforester_charge_2_silk_touch_l"
    },
    {
      "type": "bloodmagic:2x_crafting_soulforge",
      "a.heading": "Fortunate",
      "a.recipe": "bloodmagic:soulforge/deforester_charge_2_fortune_1_l",
      "b.heading": "Fortunate II",
      "b.recipe": "bloodmagic:soulforge/deforester_charge_2_fortune_2_l"
    },
    {
      "type": "bloodmagic:crafting_soulforge",
      "heading": "Controlled Charge",
      "recipe": "bloodmagic:soulforge/vein_charge",
      "anchor":"controlled_charge",
      "text": "The $(item)Controlled Charge$() only destroys blocks $(thing)identical to the block it lands on$(). It will destroy up to 3 stacks of blocks, seeking out from the original point. As with other charges, all mined blocks will be dropped."
    },
    {
      "type": "bloodmagic:3x_crafting_soulforge",
      "a.heading": "Voiding",
      "a.recipe": "bloodmagic:soulforge/vein_charge_voiding",
      "b.heading": "Heated Tool",
      "b.recipe": "bloodmagic:soulforge/vein_charge_smelting",
      "c.heading": "Soft Touch",
      "c.recipe": "bloodmagic:soulforge/vein_charge_silk_touch"
    },
    {
      "type": "bloodmagic:crafting_soulforge",
      "heading": "Fortunate",
      "recipe": "bloodmagic:soulforge/vein_charge_fortune_1"
    },
    {
      "type": "bloodmagic:crafting_soulforge",
      "heading": "Controlled Charge II",
      "recipe": "bloodmagic:soulforge/vein_charge_2",
      "anchor":"controlled_charge_2",
      "text": "The $(item)Controlled Charge II$() behaves identically to the $(item)Controlled Charge$(), however It will destroy up to 8 stacks of blocks at a time."
    },
    {
      "type": "bloodmagic:3x_crafting_soulforge",
      "a.heading": "Voiding",
      "a.recipe": "bloodmagic:soulforge/vein_charge_2_voiding",
      "b.heading": "Heated Tool",
      "b.recipe": "bloodmagic:soulforge/vein_charge_2_smelting_l",
      "c.heading": "Soft Touch",
      "c.recipe": "bloodmagic:soulforge/vein_charge_2_silk_touch_l"
    },
    {
      "type": "bloodmagic:2x_crafting_soulforge",
      "a.heading": "Fortunate",
      "a.recipe": "bloodmagic:soulforge/vein_charge_2_fortune_1_l",
      "b.heading": "Fortunate II",
      "b.recipe": "bloodmagic:soulforge/vein_charge_2_fortune_2_l"
    },
    {
      "type": "bloodmagic:crafting_soulforge",
      "heading": "Fungal Charge",
      "recipe": "bloodmagic:soulforge/fungal_charge",
      "anchor":"fungal_charge",
      "text": "The $(item)Fungal Charge$() is for felling giant mushrooms, both in the Overworld and the Nether. Although doubtful that you will ever reach this in a single charge, it can break up to $(item)three stacks of blocks$()."
    },
    {
      "type": "bloodmagic:3x_crafting_soulforge",
      "a.heading": "Voiding",
      "a.recipe": "bloodmagic:soulforge/fungal_charge_voiding",
      "b.heading": "Heated Tool",
      "b.recipe": "bloodmagic:soulforge/fungal_charge_smelting",
      "c.heading": "Soft Touch",
      "c.recipe": "bloodmagic:soulforge/fungal_charge_silk_touch"
    },
    {
      "type": "bloodmagic:crafting_soulforge",
      "heading": "Fortunate",
      "recipe": "bloodmagic:soulforge/fungal_charge_fortune_1"
    },
    {
      "type": "bloodmagic:crafting_soulforge",
      "heading": "Fungal Charge_II",
      "recipe": "bloodmagic:soulforge/fungal_charge",
      "anchor":"fungal_charge_2",
      "text": "The $(item)Fungal Charge II$() is for felling giant mushrooms, both in the Overworld and the Nether. It can destroy up to 8 stacks of mushroomy goodness per charge. $(br2)Why would you ever need this?"
    },
    {
      "type": "bloodmagic:3x_crafting_soulforge",
      "a.heading": "Voiding",
      "a.recipe": "bloodmagic:soulforge/fungal_charge_2_voiding",
      "b.heading": "Heated Tool",
      "b.recipe": "bloodmagic:soulforge/fungal_charge_2_smelting_l",
      "c.heading": "Soft Touch",
      "c.recipe": "bloodmagic:soulforge/fungal_charge_2_silk_touch_l"
    },
    {
      "type": "bloodmagic:2x_crafting_soulforge",
      "a.heading": "Fortunate",
      "a.recipe": "bloodmagic:soulforge/fungal_charge_2_fortune_1_l",
      "b.heading": "Fortunate II",
      "b.recipe": "bloodmagic:soulforge/fungal_charge_2_fortune_2_l"
    }
  ]
}
