{
  "name": "Living Equipment Upgrades",
  "icon": "bloodmagic:upgradetome",
  "priority": true,
  "category": "bloodmagic:alchemy_array/living_equipment",
  "pages": [
    {
      "type": "patchouli:text",
      "text": "While wearing this new armour, you have felt it growing, trying to assist you with various tasks it has seen you perform. $(br2)It seems to be able to perform in a number of areas, but its growth is limited, and trying to do everything at once is quite fruitless."
    },
    {
      "type": "patchouli:text",
      "text": "Perhaps multiple specialised sets may be a good idea? Of course, you'll have to train it carefully if you want more than a smattering of poorly-directed benefits. $(br2)Fortunately, you have devised a $(l:rituals/ritual_list/ritual_upgrade_remove)Ritual$() that will assist with training, and $(l:rituals/ritual_list/ritual_armour_evolve)another one$() that will imbue your armour with a greater ability to grow."
    }
  ]
}
