{
  "name": "ars_nouveau.glyph_name.hellfire",
  "icon": "ars_nouveau:glyph_hellfire",
  "category": "arsomega:spells_4",
  "advancement": "arsomega:restricted_knowledge",
  "sortnum": 3,
  "pages": [
    {
      "type": "text",
      "text": "ars_nouveau.glyph_desc.hellfire"
    },
    {
      "type": "glyph_recipe",
      "recipe": "ars_nouveau:glyph_hellfire",
      "tier": "四",
      "mana_cost": "很高",
      "clay_type": "ars_nouveau:mythical_clay",
      "reagent": "ars_nouveau:glyph_soulfire"
    }
  ]
}