{
  "name": "大地抬升",
  "icon": "ars_nouveau:glyph_raise_earth",
  "category": "arsomega:spells_4",
  "advancement": "arsomega:restricted_knowledge",
  "sortnum": 3,
  "pages": [
    {
      "type": "text",
      "text": "ars_nouveau.glyph_desc.raise_earth"
    },
    {
      "type": "glyph_recipe",
      "recipe": "ars_nouveau:glyph_raise_earth",
      "tier": "四",
      "mana_cost": "高",
      "clay_type": "ars_nouveau:mythical_clay",
      "reagent": "ars_nouveau:glyph_raise_earth"
    }
  ]
}