{
  "name": "高阶饰品",
  "icon": "arsomega:greater_regen_amulet",
  "category": "arsomega:arcane_equipment",
  "pages": [
    {
      "type": "text",
      "text": "以下是普通饰品升级版的合成配方，这些高阶饰品效力较高但更为昂贵。"
    },
    {
      "type": "apparatus_recipe",
      "recipe": "arsomega:greater_regen_amulet"
    },
    {
      "type": "apparatus_recipe",
      "recipe": "arsomega:greater_mana_amulet"
    },
    {
      "type": "apparatus_recipe",
      "recipe": "arsomega:ring_arcane_discount"
    }
  ]
}