{
  "name": "奥术套装",
  "icon": "arsomega:arcane_chestplate",
  "category": "arsomega:arcane_equipment",
  "advancement": "arsomega:restricted_knowledge",
  "pages": [
    {
      "type": "text",
      "text": "奥术套装是一套4级盔甲。其中灌注有大量魔法，且具有不可思议的魔力再生与魔力提升属性。"
    },
    {
      "type": "spotlight",
      "item": "arsomega:arcane_cloth",
      "text": "奥术套装可由大法师套装在锻造台内以奥术布匹升级而得。"
    },
    {
      "type": "apparatus_recipe",
      "recipe": "arsomega:arcane_cloth"
    },
    {
      "type": "relations",
      "entries":["arsomega:items/arcane_cloth"]
    }
  ]
}