{
  "name": "奥术法术核心",
  "icon": "arsomega:focus_of_advanced_alchemy",
  "category": "arsomega:arcane_equipment",
  "advancement": "arsomega:restricted_knowledge",
  "pages": [
    {
      "type": "text",
      "text": "高阶炼金之核心会进一步增强某些炼金学派的法术，例如铅肤、嬗变，和钻石。会中幅减少魔力上限和魔力再生速度。"
    },
    {
      "type": "apparatus_recipe",
      "recipe": "arsomega:focus_of_advanced_alchemy"
    }
  ]
}