{
  "name": "黏土傀儡",
  "icon": "arsomega:magic_clay_carved",
  "category": "arsomega:arcane_equipment",
  "pages": [
    {
      "type": "text",
      "text": "黏土傀儡可用活化傀儡召出。黏土傀儡分为4级，级数越高则生命、伤害、免疫能力也越强。黏土傀儡可用黏土修复，高级黏土傀儡也会缓慢恢复生命。它们共有4中行为模式，手持支配之杖潜行右击即可循环切换。"
    },
    {
      "type": "text",
      "text": "其一是战斗（COMBAT），此模式下它们会攻击所有你攻击的事物，和狼类似。其二是守卫（GUARD），它们会跟随你并攻击所有攻击你的事物。其三是巡逻（PATROL），它们会守卫某位置免受敌对生物影响。最后是狩猎（HUNT），此模式下它们会追逐并攻击周围所有敌对生物。"
    },
    {
      "type": "patchouli:entity",
      "entity": "arsomega:clay_golem",
      "text": "黏土傀儡是完美的士兵，它们永不疲劳，也无需补给。"
    },
    {
      "type": "relations",
      "entries":["arsomega:spells/animate_block"]
    }
  ]
}