{
  "name": "巫师羊毛套装",
  "icon": "arsomega:defense_chestplate",
  "category": "arsomega:arcane_equipment",
  "advancement": "arsomega:restricted_knowledge",
  "pages": [
    {
      "type": "text",
      "text": "巫师羊毛套装是一套4级盔甲。它灌注有多种防御性法术，能吸收极其大量的伤害。"
    },
    {
      "type": "spotlight",
      "item": "arsomega:enchanters_wool",
      "text": "巫师羊毛套装可由大法师套装在锻造台内以巫师羊毛升级而得。"
    }
  ]
}