{
  "name": "稳定斗篷",
  "icon": "arsomega:stability_cloak",
  "category": "arsomega:arcane_equipment",
  "advancement": "arsomega:restricted_knowledge",
  "pages": [
    {
      "type": "spotlight",
      "item": "arsomega:stability_cloak",
      "text": "稳定斗篷是一种奥术魔法物品，可防止穿戴者受交换目标的影响。此斗篷不提供任何其他防御性效果。"
    },
    {
      "type": "apparatus_recipe",
      "recipe": "arsomega:stability_cloak"
    }
  ]
}