{
  "name": "法杖",
  "icon": "arsomega:staff",
  "category": "arsomega:arcane_equipment",
  "pages": [
    {
      "type": "text",
      "text": "法杖是施法法杖的升级版。它们没有加速效果，但能为法术内多个效果提供多级强化。若效果构件被抑制修饰则不会再被强化。强化个数和受修饰的效果个数随法杖等级提升而提升。\n注意：法杖会在将来某时被重做，使其能接受各种形态的法术且仍具有多个法术槽！"
    },
    {
      "type": "apparatus_recipe",
      "recipe": "arsomega:staff"
    },
    {
      "type": "apparatus_recipe",
      "recipe": "arsomega:archmage_staff"
    }
  ]
}