{
  "name": "Jump Boost",
  "icon": "minecraft:rabbit_foot",
  "category": "bloodmagic:alchemy_table/potion_flasks/vanilla",
  "pages": [
    {
      "type": "patchouli:text",
      "text": "$(thing)Jump Boost$() increases the target's jump height by 50% per level. It also reduces fall damage by 1 point per level."
    },
    {
      "type": "bloodmagic:3x_crafting_flask",
      "a.heading": "Jump Boost (3:00)",
      "a.recipe": "bloodmagic:flask/jump_boost",
      "b.heading": "Jump Boost (8:00)",
      "b.recipe": "bloodmagic:flask/length_jump_boost",
      "c.heading": "Jump Boost II (1:30)",
      "c.recipe": "bloodmagic:flask/potency_jump_boost"
    },
    {
      "type": "patchouli:text",
      "text": "adding $(l:bloodmagic:alchemy_table/potions#average_potions)Standard Catalysts$() can further boost your potions."
    },
    {
      "type": "bloodmagic:2x_crafting_flask",
      "a.heading": "Jump Boost III (0:45)",
      "a.recipe": "bloodmagic:flask/potency_average_jump_boost",
      "b.heading": "Jump Boost (21:20)",
      "b.recipe": "bloodmagic:flask/length_average_jump_boost"
    }
  ]
}
