{
  "name": "Night Vision",
  "icon": "minecraft:golden_carrot",
  "category": "bloodmagic:alchemy_table/potion_flasks/vanilla",
  "pages": [
    {
      "type": "patchouli:text",
      "text": "$(thing)Night Vision$() increases the target's ability to see in darkness and underwater."
    },
    {
      "type": "bloodmagic:3x_crafting_flask",
      "a.heading": "Night Vision (3:00)",
      "a.recipe": "bloodmagic:flask/night_vision",
      "b.heading": "Night Vision (8:00)",
      "b.recipe": "bloodmagic:flask/length_night_vision",
      "c.heading": "Night Vision (21:20)",
      "c.recipe": "bloodmagic:flask/length_average_night_vision"
    }
  ]
}
