{
  "name": "Poison",
  "icon": "minecraft:spider_eye",
  "category": "bloodmagic:alchemy_table/potion_flasks/vanilla",
  "pages": [
    {
      "type": "patchouli:text",
      "text": "$(thing)Poison$() deals damage over time to the target, but cannot kill them on its own. Higher levels deal faster damage."
    },
    {
      "type": "bloodmagic:3x_crafting_flask",
      "a.heading": "Poison (3:00)",
      "a.recipe": "bloodmagic:flask/poison",
      "b.heading": "Poison (8:00)",
      "b.recipe": "bloodmagic:flask/length_poison",
      "c.heading": "Poison II (1:30)",
      "c.recipe": "bloodmagic:flask/potency_poison"
    },
    {
      "type": "patchouli:text",
      "text": "adding $(l:bloodmagic:alchemy_table/potions#average_potions)Standard Catalysts$() can further boost your potions."
    },
    {
      "type": "bloodmagic:2x_crafting_flask",
      "a.heading": "Poison III (0:45)",
      "a.recipe": "bloodmagic:flask/potency_average_poison",
      "b.heading": "Poison (21:20)",
      "b.recipe": "bloodmagic:flask/length_average_poison"
    }
  ]
}
