{
  "name": "Strength",
  "icon": "minecraft:blaze_powder",
  "category": "bloodmagic:alchemy_table/potion_flasks/vanilla",
  "pages": [
    {
      "type": "patchouli:text",
      "text": "$(thing)Strength$() increases the target's attack damage by 3 points per level."
    },
    {
      "type": "bloodmagic:3x_crafting_flask",
      "a.heading": "Strength (3:00)",
      "a.recipe": "bloodmagic:flask/strength",
      "b.heading": "Strength (8:00)",
      "b.recipe": "bloodmagic:flask/length_strength",
      "c.heading": "Strength II (1:30)",
      "c.recipe": "bloodmagic:flask/potency_strength"
    },
    {
      "type": "patchouli:text",
      "text": "adding $(l:bloodmagic:alchemy_table/potions#average_potions)Standard Catalysts$() can further boost your potions."
    },
    {
      "type": "bloodmagic:2x_crafting_flask",
      "a.heading": "Strength III (0:45)",
      "a.recipe": "bloodmagic:flask/potency_average_strength",
      "b.heading": "Strength (21:20)",
      "b.recipe": "bloodmagic:flask/length_average_strength"
    }

  ]
}
