{
  "name": "Air Sigil",
  "icon": "bloodmagic:airsigil",
  "category": "bloodmagic:alchemy_array/sigil",
  "pages": [
    {
      "type": "patchouli:text",
      "text": "Throws you in the direction you're facing, at a cost of $(blood)50 LP$() per use. Note that this does not provide any sort of Feather Falling effect, so be careful when landing! A good way to get around quickly, albeit with some risk. Many an unwary mage has met their end by running out of $(blood)LP$() in their $(l:bloodmagic:altar/soul_network)Soul Network$() while flying miles above the countryside."
    },
    {
      "type": "bloodmagic:crafting_2-step_sigil",
      "alchemy_table.heading": "Air Reagent",
      "alchemy_table.recipe": "bloodmagic:alchemytable/reagent_air",
      "array.heading": "Air Sigil",
      "array.recipe": "bloodmagic:array/airsigil",
      "array.text": "$(italic)I feel lighter already...$()"
    }
  ]
}
