{
  "name": "Void Sigil",
  "icon": "bloodmagic:voidsigil",
  "category": "bloodmagic:alchemy_array/sigil",
  "pages": [
    {
      "type": "patchouli:text",
      "text": "The $(item)Void sigil$(), when you press [$(k:use)] while looking at any fluid, will destroy it at a cost of 50LP per block. Good for clearing out irksome lava flows without all that tedious placing and breaking of individual blocks."
    },
    {
      "type": "bloodmagic:crafting_2-step_sigil",
      "alchemy_table.heading": "Void Reagent",
      "alchemy_table.recipe": "bloodmagic:alchemytable/reagent_void",
      "array.heading": "Void Sigil",
      "array.recipe": "bloodmagic:array/voidsigil",
      "array.text": "$(italic)Better than a Swiffer\u00AE!"
    }
  ]
}
