{
  "name": "Edge of the Hidden Realm",
  "icon": "bloodmagic:simplekey",
  "category": "bloodmagic:rituals/ritual_list",
  "pages": [
    {
      "type": "multiblock",
      "name": "Edge of the Hidden Realm",
      "multiblock_id": "bloodmagic:simple_dungeon",
      "text": "Use a $(l:bloodmagic:rituals/ritual_diviner)Ritual Diviner$(/l) for easier construction."
    },
    {
      "type": "bloodmagic:ritual_info",
      "ritual": "simple_dungeon",
      "text_overrides": [
        ["Demon Realm", "thing"]
      ]
    }
  ]
}
