{
  "name": "The Sinner's Burden",
  "icon": "minecraft:dirt",
  "category": "bloodmagic:rituals/ritual_list",
  "pages": [
    {
      "type": "multiblock",
      "name": "The Sinner's Burden",
      "multiblock_id": "bloodmagic:grounding",
      "text": "Use a $(l:bloodmagic:rituals/ritual_diviner)Ritual Diviner$(/l) for easier construction."
    },
    {
      "type": "bloodmagic:ritual_info",
      "ritual": "grounding"
    },
    {
      "type": "bloodmagic:ritual_data",
      "ritual": "grounding",
      "page_type": "raw"
    },
    {
      "type": "bloodmagic:ritual_data",
      "ritual": "grounding",
      "page_type": "corrosive",
      "text":"Behaves similarly to the $(l:bloodmagic:alchemy_table/potion_flasks/blood_magic/suspended)Suspended$() effect."
    },
    {
      "type": "bloodmagic:ritual_data",
      "ritual": "grounding",
      "page_type": "vengeful",
      "text_overrides": [
        ["Levitation", "l:bloodmagic:alchemy_table/potion_flasks/vanilla/levitation"]
      ]
    },
    {
      "type": "bloodmagic:ritual_data",
      "ritual": "grounding",
      "page_type": "destructive",
      "text_overrides": [
        ["Heavy Heart", "l:bloodmagic:alchemy_table/potion_flasks/blood_magic/heavy_heart"]
      ]
    },
    {
      "type": "bloodmagic:ritual_data",
      "ritual": "grounding",
      "page_type": "steadfast"
    },
    {
      "type": "bloodmagic:ritual_data",
      "ritual": "grounding",
      "page_type": "groundingRange"
    }
  ]
}
