{
  "name": "Reverence of the Condor",
  "icon": "minecraft:feather",
  "category": "bloodmagic:rituals/ritual_list",
  "pages": [
    {
      "type": "multiblock",
      "name": "Reverence of the Condor",
      "multiblock_id": "bloodmagic:condor",
      "text": "Use a $(l:bloodmagic:rituals/ritual_diviner#dusk)Ritual Diviner [Dusk]$(/l) for easier construction."
    },
    {
      "type": "bloodmagic:ritual_info",
      "ritual": "condor"
    },
    {
      "type": "bloodmagic:ritual_data",
      "ritual": "condor",
      "page_type": "flightRange"
    }
  ]
}
