{
  "name": "Gathering of the Forsaken Souls",
  "icon": "bloodmagic:rawcatalyst",
  "category": "bloodmagic:rituals/ritual_list",
  "pages": [
    {
      "type": "multiblock",
      "name": "Gathering of the Forsaken Souls",
      "multiblock_id": "bloodmagic:forsaken_soul",
      "text": "Use a $(l:bloodmagic:rituals/ritual_diviner)Ritual Diviner$(/l) for easier construction."
    },
    {
      "type": "bloodmagic:ritual_info",
      "ritual": "forsaken_soul"
    },
    {
      "type": "bloodmagic:ritual_data",
      "ritual": "forsaken_soul",
      "page_type": "crystal",
      "text_overrides": [
        ["catalysts", "l:bloodmagic:demon_will/will_manipulation/will_catalysts"]
      ]
    },
    {
      "type": "bloodmagic:ritual_data",
      "ritual": "forsaken_soul",
      "page_type": "chest",
      "text_overrides": [
        ["catalyst", "l:bloodmagic:demon_will/will_manipulation/will_catalysts"]
      ]
    }
  ]
}
