{
  "name": "Ritual of the Full Spring",
  "icon": "minecraft:water_bucket",
  "category": "bloodmagic:rituals/ritual_list",
  "pages": [
    {
      "type": "multiblock",
      "name": "Ritual of the Full Spring",
      "multiblock_id": "bloodmagic:water",
      "text": "Use a $(l:bloodmagic:rituals/ritual_diviner)Ritual Diviner$(/l) for easier construction."
    },
    {
      "type": "bloodmagic:ritual_info",
      "ritual": "water",
      "text_overrides": [
        ["Master Ritual Stone", "l:bloodmagic:rituals/ritual_stones"]
      ]
    },
    {
      "type": "bloodmagic:ritual_data",
      "ritual": "water",
      "page_type": "waterRange"
    }
  ]
}
