{
  "name": "Ritual of the Shepherd",
  "icon": "minecraft:white_wool",
  "category": "bloodmagic:rituals/ritual_list",
  "pages": [
    {
      "type": "multiblock",
      "name": "Ritual of the Shepherd",
      "multiblock_id": "bloodmagic:animal_growth",
      "text": "Use a $(l:bloodmagic:rituals/ritual_diviner#dusk)Ritual Diviner [Dusk]$(/l) for easier construction."
    },
    {
      "type": "bloodmagic:ritual_info",
      "ritual": "animal_growth"
    },
    {
      "type": "bloodmagic:ritual_data",
      "ritual": "animal_growth",
      "page_type": "raw",
      "text_overrides": [
        ["Raw Will", "raw"]
      ]
    },
    {
      "type": "bloodmagic:ritual_data",
      "ritual": "animal_growth",
      "page_type": "vengeful"
    },
    {
      "type": "bloodmagic:ritual_data",
      "ritual": "animal_growth",
      "page_type": "destructive"
    },
    {
      "type": "bloodmagic:ritual_data",
      "ritual": "animal_growth",
      "page_type": "steadfast",
      "text_overrides": [
        ["chest", "item"]
      ]
    },
    {
      "type": "bloodmagic:ritual_data",
      "ritual": "animal_growth",
      "page_type": "growing"
    },
    {
      "type": "bloodmagic:ritual_data",
      "ritual": "animal_growth",
      "page_type": "chest",
      "text": "Requires $(steadfast)Steadfast Will$()."
    }
  ]
}
