{
  "name": "Ritual of the High Jump",
  "icon": "minecraft:diamond_boots",
  "category": "bloodmagic:rituals/ritual_list",
  "pages": [
    {
      "type": "patchouli:multiblock",
      "name": "Ritual of the High Jump",
      "multiblock_id": "bloodmagic:jumping",
      "text": "Use a $(l:bloodmagic:rituals/ritual_diviner)Ritual Diviner$(/l) for easier construction."
    },
    {
      "type": "bloodmagic:ritual_info",
      "ritual": "jumping"
    },
    {
      "type": "bloodmagic:ritual_data",
      "ritual": "jumping",
      "page_type": "jumpRange"
    },
    {
      "type": "bloodmagic:ritual_data",
      "ritual": "jumping",
      "page_type": "jumpPower"
    }
  ]
}
