{
  "name": "Mark of the Falling Tower",
  "icon": "minecraft:fire_charge",
  "category": "bloodmagic:rituals/ritual_list",
  "pages": [
    {
      "type": "multiblock",
      "name": "Mark of the Falling Tower",
      "multiblock_id": "bloodmagic:meteor",
      "text": "Use a $(l:bloodmagic:rituals/ritual_diviner#dusk)Ritual Diviner [Dusk]$(/l) for easier construction."
    },
    {
      "type": "bloodmagic:ritual_info",
      "ritual": "meteor"
    },
    {
      "type": "patchouli:text",
      "text": "Using the vast powers at your disposal, the most conclusion is that it is a good idea to summon a meteor from outer space to crash upon the world.$(br2)By dropping an appropriate offering on top of the MRS, the ritual will consume the item (plus a large amount of LP, default of a million LP) and summon a meteor at the build height of the map. Once the meteor hits something, it will detonate and leave behind many resources to mine and process."
    },
    {
      "type": "patchouli:text",
      "text": "The size and resources gained vary based on the offering given. Normal offerings include: $(item)Diamond$(), $(item)Block of Iron$(), $(item)Glowstone Dust$(), and $(item)Stone$().$(br2)Mod items include: Ice and Fire $(item)Dragon Bones$(), AE2 $(item)Certus Quartz$(), Create $(item)Andesite Alloy$(), IE $(item)Copper Wire Coil$(), Mystical Agriculture $(item)Prosperity Shard$(), Thermal $(item)RF Coil$(), and Mekanism $(item)Advanced Alloy$()."
    }
  ]
}
