{
  "name": "Crack of the Fractured Crystal",
  "icon": "bloodmagic:defaultcrystal",
  "category": "bloodmagic:rituals/ritual_list",
  "pages": [
    {
      "type": "multiblock",
      "name": "Crack of the Fractured Crystal",
      "multiblock_id": "bloodmagic:crystal_harvest",
      "text": "Use a $(l:bloodmagic:rituals/ritual_diviner#dusk)Ritual Diviner [Dusk]$(/l) for easier construction."
    },
    {
      "type": "bloodmagic:ritual_info",
      "ritual": "crystal_harvest",
      "text_overrides": [
        ["Demon Will Crystal Clusters", "l:bloodmagic:demon_will/will_manipulation/crystallized_will"],
        ["aspects", "l:bloodmagic:demon_will/will_manipulation/aspected_will"]
      ]
    },
    {
      "type": "bloodmagic:ritual_data",
      "ritual": "crystal_harvest",
      "page_type": "crystal",
      "text_overrides": [
        ["Demon Will", "raw"]
      ]
    }
  ]
}
