{
  "name": "Dawn of the New Moon",
  "icon": "minecraft:ender_pearl",
  "category": "bloodmagic:rituals/ritual_list",
  "pages": [
    {
      "type": "patchouli:multiblock",
      "name": "Dawn of the New Moon",
      "multiblock_id": "bloodmagic:sphere",
      "text": "Use a $(l:bloodmagic:rituals/ritual_diviner#dusk)Ritual Diviner [Dusk]$(/l) for easier construction."
    },
    {
      "type": "bloodmagic:ritual_info",
      "ritual": "sphere",
      "text_overrides": [
        ["LP", "blood"]
      ]
    },
    {
      "type": "bloodmagic:ritual_data",
      "ritual": "sphere",
      "page_type": "spheroidRange"
    },
    {
      "type": "patchouli:image",
      "images": [
        "bloodmagic:images/entries/ritual/sphere_above.png",
        "bloodmagic:images/entries/ritual/sphere_below.png"
      ],
      "title": "Default Size",
      "border": true,
      "text": "The result of using the ritual with the default settings."
    }
  ]
}
