{
  "name": "Pathway to the Endless Realm",
  "icon": "bloodmagic:ingot_hellforged",
  "category": "bloodmagic:rituals/ritual_list",
  "pages": [
    {
      "type": "multiblock",
      "name": "Endless Realm",
      "multiblock_id": "bloodmagic:standard_dungeon",
      "text": "Use a $(l:bloodmagic:rituals/ritual_diviner)Ritual Diviner$(/l) for easier construction."
    },
    {
      "type": "bloodmagic:ritual_info",
      "ritual": "standard_dungeon",
      "text_overrides": [
        ["Demon Realm", "thing"]
      ],
      "text": "Beware, the Demon Realm is highly dangerous. Come prepared!"
    }
  ]
}
