{
  "name": "Acceleration Rune",
  "icon": "bloodmagic:accelerationrune",
  "category": "bloodmagic:altar/blood_rune",
  "pages": [
    {
      "type": "patchouli:text",
      "text": "The $(item)Acceleration Rune$() increases the rate of a couple operations. While normally the operations of the $(l:bloodmagic:altar/blood_rune/charging_rune)Charging Rune$(/l) and $(l:bloodmagic:altar/blood_rune/dislocation_rune)Displacement Rune$(/l) occur every 20 ticks, one tick of the delay is removed per rune, down to a minimum of 1 operation per tick."
    },
    {
      "type": "patchouli:crafting",
      "recipe": "bloodmagic:blood_rune_acceleration"
    },
    {
      "type": "patchouli:crafting",
      "recipe": "bloodmagic:blood_rune_acceleration_2",
      "text":"With some $(item)Netherite Scrap$() and some $(item)Intricate Hellforged Parts$() looted from the $(l:bloodmagic:dungeons/endless_realm)Demon Realm$(), you can double the power of your $(item)Accelleration Rune$(), removing two ticks per rune instead of one, freeing up other slots around your altar."
    },
    {
      "type": "bloodmagic:crafting_arc",
      "recipe": "bloodmagic:arc/reversion/acceleration",
      "text":"If you change your mind, you can undo the recipe in the ARC."
    }
  ]
}