{
  "name": "Displacement Rune",
  "icon": "bloodmagic:dislocationrune",
  "category": "bloodmagic:altar/blood_rune",
  "pages": [
    {
      "type": "patchouli:text",
      "text": "The $(item)Displacement Rune$() increases the flow rate of $(blood)Life Essence$() into and out of the altar when pumping to and from an external Tank multiplicatively by +20%"
    },
    {
      "type": "patchouli:crafting",
      "recipe": "bloodmagic:blood_rune_displacement"
    },
    {
      "type": "patchouli:crafting",
      "recipe": "bloodmagic:blood_rune_displacement_2",
      "text":"With some $(item)Netherite Scrap$() and some $(item)Intricate Hellforged Parts$() looted from the $(l:bloodmagic:dungeons/endless_realm)Demon Realm$(), you can double the power of your $(item)Displacement Rune$(), increasing the flow rate by a multiplicative +40% per rune."
    },
    {
      "type": "bloodmagic:crafting_arc",
      "recipe": "bloodmagic:arc/reversion/displacement",
      "text":"If you change your mind, you can undo the recipe in the ARC."
    }
  ]
}
