{
  "name": "Speed Rune",
  "icon": "bloodmagic:speedrune",
  "category": "bloodmagic:altar/blood_rune",
  "pages": [
    {
      "type": "patchouli:text",
      "text": "The $(item)Speed Rune$() increases all of the crafting operations of the Blood Altar. The crafting speed (and speed that the progress is lost when empty) increases by an additive +20% per rune."
    },
    {
      "type": "patchouli:crafting",
      "recipe": "bloodmagic:blood_rune_speed"
    },
    {
      "type": "patchouli:crafting",
      "recipe": "bloodmagic:blood_rune_speed_2",
      "text":"With some $(item)Netherite Scrap$() and some $(item)Intricate Hellforged Parts$() looted from the $(l:bloodmagic:dungeons/endless_realm)Demon Realm$(), you can double the power of your $(item)Speed Rune$(), increasing the crafting rate by an additive +40% per rune."
    },
    {
      "type": "bloodmagic:crafting_arc",
      "recipe": "bloodmagic:arc/reversion/speed",
      "text":"If you change your mind, you can undo the recipe in the ARC."
    }
  ]
}