{
  "name": "Tau Fruit",
  "icon": "bloodmagic:weak_tau",
  "category": "bloodmagic:dungeons",
  "extra_recipe_mappings": {
    "bloodmagic:weak_tau": 0
  },
    "pages": [
    {
      "type": "patchouli:text",
      "text": "Tau Fruit can be found within $(l:bloodmagic:dungeons/lobby)Simple Dungeons$(), after which it can be farmed. Being a native denizen of the $(thing)Demon Realm$(), its lifecycle is unfortunately a tad more complex than that of the humble $(item)Potato$(). $(br2)The Tau Fruit will mature into one of two varieties, depending on the conditions in which it was raised. By default, it will grow into $(item)Tau Fruit$(), which can be converted into $(item)Tau Oil$()."
    },
    {
      "type": "bloodmagic:crafting_alchemy_table",
      "heading": "Tau Oil",
      "recipe": "bloodmagic:alchemytable/tau_oil",
      "text": "$(italic)Tastes like a Blood Orange, except different.$()"
    },
    {
      "type": "patchouli:text",
      "text": "Tau Oil currently has two main uses. It can extend the duration of any $(l:bloodmagic:alchemy_table/anointments)anointment$() by a factor of four, or it can be used to craft $(item)Intermediate Cutting Fluid$(), which functions similarly to $(l:bloodmagic:utility/alchemical_reaction_chamber#basic_cutting_fluid)Basic Cutting Fluid$(), but lasts eight times longer and provides a 25% speed boost."
    },
    {
      "type": "patchouli:spotlight",
      "item": "bloodmagic:strong_tau",
      "link_recipe": "true",
      "text": "However, $(item)Tau Fuit$() has an alternate, more challenging route of growth. If the plant matures while a $(thing)Mob$() (a cow, for example) is standing atop it, it will leach health from the entity to satiate its dark hungers. In this way, $(item)Saturated Tau$() can be grown."
    }
  ]
}