{
  "name": "神秘框架",
  "icon": "ars_nouveau:enchanters_mirror",
  "category": "arsomega:strange_portal",
  "advancement": "arsomega:better_forgotten",
  "priority":true,
  "pages": [
    {
      "type": "text",
      "text": "[来自卡兹·卡特的笔记]我在我发现的一个祭坛内找到了奇异的事物。不像其他祭坛里装着的是血，这一祭坛则放着一个空的金框架。还留有一块玻璃碎片，并且我相信这应该是某种窗户或镜子的碎块……"
    }
  ]
}