{
  "name": "灵气之板",
  "icon": "ars_nouveau:ritual_aura",
  "category": "ars_nouveau:rituals",
  "pages": [
    {
      "type": "text",
      "text": "灵气仪式是一种极为强大的仪式，它能对周围所有实体施法。它会从相邻的符文中读取法术，并会对一定区域内所有实体施法。敏感会使其仅作用于玩家，提取会使其忽略玩家。也可用扩散增强，默认最多10次。"
    },
    {
      "type": "text",
      "text": "灵气仪式会被其下方高价值方块增强，通常会提高扩散上限或是魔源减免力度。最后，可在仪式火盆上方放置信标以进一步增大作用范围。"
    },
    {
      "type": "text",
      "text": "以下是有效增强基座方块：$(br)钻石：增加总扩散强度和魔源减免。$(br)金：提高扩散上限，小幅减免魔源。$(br)下界合金：大幅增加扩散上限，增加扩散力度，大幅减免魔源。$(br)戈耳工石：增加魔源消耗和扩散力度，极大幅增加扩散上限！需要强大心智。"
    },
    {
      "type": "crafting",
      "recipe": "arsomega:ritual_aura"
    }
  ]
}