{
  "name": "Iron Tip",
  "icon": "bloodmagic:bow_power_anointment",
  "category": "bloodmagic:alchemy_table/anointments",
  "pages": [
    {
      "type": "bloodmagic:crafting_alchemy_table",
      "heading": "Iron Tip",
      "recipe": "bloodmagic:alchemytable/bow_power_anointment",
      "text": "Increases the damage of fired arrows by 25%. Also stacks with Vanilla enchantments. $(br2)Valid items: Bows, Crossbows.$(br2)Applies: Heavy Shot I (256 shots)"
    },
    {
      "type": "bloodmagic:crafting_alchemy_table",
      "heading": "Iron Tip L",
      "recipe": "bloodmagic:alchemytable/bow_power_anointment_l",
      "text": "This upgraded version of the anointment lasts four times longer. $(br2)Applies: Heavy Shot I (1024 shots)"
    },
    {
      "type": "bloodmagic:crafting_alchemy_table",
      "heading": "Iron Tip II",
      "recipe": "bloodmagic:alchemytable/bow_power_anointment_2",
      "text": "This upgraded version of the anointment increases the damage by 50% instead. $(br2)Applies: Heavy Shot II (256 shots)"
    },
    {
      "type": "bloodmagic:crafting_alchemy_table",
      "heading": "Iron Tip XL",
      "recipe": "bloodmagic:alchemytable/bow_power_anointment_xl",
      "text": "This upgraded version of the anointment lasts sixteen times longer. $(br2)Applies: Heavy Shot I (4096 shots)"
    },
    {
      "type": "bloodmagic:crafting_alchemy_table",
      "heading": "Iron Tip III",
      "recipe": "bloodmagic:alchemytable/bow_power_anointment_3",
      "text": "This upgraded version of the anointment increases the damage by 75% instead. $(br2)Applies: Heavy Shot III (256 shots)"
    }
  ]
}