{
  "name": "Fortuna Extract",
  "icon": "bloodmagic:fortune_anointment",
  "category": "bloodmagic:alchemy_table/anointments",
  "pages": [
    {
      "type": "bloodmagic:crafting_alchemy_table",
      "heading": "Fortuna Extract",
      "recipe": "bloodmagic:alchemytable/fortune_anointment",
      "text": "Increases the yield of some harvested blocks. Also stacks with the Fortune enchantment. $(br2)Valid items: Tools, Swords, Charges. $(br2)Applies: Fortunate I (256 blocks)"
    },
    {
      "type": "bloodmagic:crafting_alchemy_table",
      "heading": "Fortuna Extract L",
      "recipe": "bloodmagic:alchemytable/fortune_anointment_l",
      "text": "This upgraded version of the anointment lasts four times longer. $(br2)Applies: Fortunate I (1024 blocks)"
    },
    {
      "type": "bloodmagic:crafting_alchemy_table",
      "heading": "Fortuna Extract II",
      "recipe": "bloodmagic:alchemytable/fortune_anointment_2",
      "text": "This upgraded version of the anointment increases the yield. $(br2)Applies: Fortunate II (256 blocks)"
    },
    {
      "type": "bloodmagic:crafting_alchemy_table",
      "heading": "Fortuna Extract XL",
      "recipe": "bloodmagic:alchemytable/fortune_anointment_xl",
      "text": "This upgraded version of the anointment lasts sixteen times longer. $(br2)Applies: Fortunate I (4096 blocks)"
    },
    {
      "type": "bloodmagic:crafting_alchemy_table",
      "heading": "Fortuna Extract III",
      "recipe": "bloodmagic:alchemytable/fortune_anointment_3",
      "text": "This upgraded version of the anointment increases the yield. $(br2)Applies: Fortunate III (256 blocks)"
    }
  ]
}