{
  "name": "Flight",
  "icon": "minecraft:feather",
  "category": "bloodmagic:alchemy_table/potion_flasks/blood_magic",
  "pages": [
    {
      "type": "patchouli:text",
      "text": "$(thing)Flight$() gives the target a temporary dose of creative-style Flight, similar to if they were within the range of the $(l:bloodmagic:rituals/ritual_list/ritual_condor)Reverence of the Condor$() ritual. Higher levels increase flight speed. $(br2)It's created from a flask containing both the $(l:bloodmagic:alchemy_table/potion_flasks/blood_magic/suspended)Suspended$() and $(l:bloodmagic:alchemy_table/potion_flasks/vanilla/levitation)Levitation$() effects."
    },
    {
      "type": "bloodmagic:3x_crafting_flask",
      "a.heading": "Flight (3:00)",
      "a.recipe": "bloodmagic:flask/suspended_to_flight",
      "b.heading": "Flight (8:00)",
      "b.recipe": "bloodmagic:flask/length_flight",
      "c.heading": "Flight II (1:30)",
      "c.recipe": "bloodmagic:flask/potency_flight"
    },
    {
      "type": "patchouli:text",
      "text": "adding $(l:bloodmagic:alchemy_table/potions#average_potions)Standard Catalysts$() can further boost your potions."
    },
    {
      "type": "bloodmagic:2x_crafting_flask",
      "a.heading": "Flight III (0:45)",
      "a.recipe": "bloodmagic:flask/potency_average_flight",
      "b.heading": "Flight (21:20)",
      "b.recipe": "bloodmagic:flask/length_average_flight"
    }
  ]
}
