{
  "name": "Gravity",
  "icon": "minecraft:tropical_fish",
  "category": "bloodmagic:alchemy_table/potion_flasks/blood_magic",
  "pages": [
    {
      "type": "patchouli:text",
      "text": "$(thing)Gravity$() cause the target to fall faster and take more damage on landing. It does not reduce jump height, however. $(br2)It's created from a flask containing both the $(l:bloodmagic:alchemy_table/potion_flasks/blood_magic/grounded)Grounded$() and $(l:bloodmagic:alchemy_table/potion_flasks/vanilla/slow_falling)Slow Falling$() effects."
    },
    {
      "type": "bloodmagic:3x_crafting_flask",
      "a.heading": "Gravity (3:00)",
      "a.recipe": "bloodmagic:flask/gravity",
      "b.heading": "Gravity (8:00)",
      "b.recipe": "bloodmagic:flask/length_gravity",
      "c.heading": "Gravity II (1:30)",
      "c.recipe": "bloodmagic:flask/potency_gravity"
    },
    {
      "type": "patchouli:text",
      "text": "adding $(l:bloodmagic:alchemy_table/potions#average_potions)Standard Catalysts$() can further boost your potions."
    },
    {
      "type": "bloodmagic:2x_crafting_flask",
      "a.heading": "Gravity III (0:45)",
      "a.recipe": "bloodmagic:flask/potency_average_gravity",
      "b.heading": "Gravity (21:20)",
      "b.recipe": "bloodmagic:flask/length_average_gravity"
    }
  ]
}
