{
  "name": "Heavy Heart",
  "icon": "minecraft:slime_ball",
  "category": "bloodmagic:alchemy_table/potion_flasks/blood_magic",
  "pages": [
    {
      "type": "patchouli:text",
      "text": "$(thing)Heavy Heart$() drags the target steadily downwards, making flying and swimming significantly more difficult. $(br2)It's created from a flask containing both the $(l:bloodmagic:alchemy_table/potion_flasks/blood_magic/gravity)Gravity$() and $(l:bloodmagic:alchemy_table/potion_flasks/vanilla/instant_health)Instant Health$() effects."
    },
    {
      "type": "bloodmagic:3x_crafting_flask",
      "a.heading": "Heavy Heart (3:00)",
      "a.recipe": "bloodmagic:flask/gravity_to_heart",
      "b.heading": "Heavy Heart (8:00)",
      "b.recipe": "bloodmagic:flask/length_heavy_heart",
      "c.heading": "Heavy Heart II (1:30)",
      "c.recipe": "bloodmagic:flask/potency_heavy_heart"
    },
    {
      "type": "patchouli:text",
      "text": "adding $(l:bloodmagic:alchemy_table/potions#average_potions)Standard Catalysts$() can further boost your potions."
    },
    {
      "type": "bloodmagic:2x_crafting_flask",
      "a.heading": "Heavy Heart III (0:45)",
      "a.recipe": "bloodmagic:flask/potency_average_heavy_heart",
      "b.heading": "Heavy Heart (21:20)",
      "b.recipe": "bloodmagic:flask/length_average_heavy_heart"
    }
  ]
}
