{
  "name": "Suspended",
  "icon": "minecraft:cobweb",
  "category": "bloodmagic:alchemy_table/potion_flasks/blood_magic",
  "pages": [
    {
      "type": "patchouli:text",
      "text": "$(thing)Suspended$() prevents the target from jumping, falling, or being affected by gravity in any way whatsoever. They can still move, however, sliding about as though on a flat, never-ending plane of ice. $(br2)It's made from a potion of $(l:bloodmagic:alchemy_table/potion_flasks/blood_magic/gravity)Gravity$()."
    },
    {
      "type": "bloodmagic:3x_crafting_flask",
      "a.heading": "Suspended (3:00)",
      "a.recipe": "bloodmagic:flask/gravity_to_suspended",
      "b.heading": "Suspended (8:00)",
      "b.recipe": "bloodmagic:flask/length_suspended",
      "c.heading": "Suspended (21:20)",
      "c.recipe": "bloodmagic:flask/length_average_suspended"
    }
  ]
}
