{
  "name": "诅咒",
  "icon": "arsomega:curse_altar",
  "category": "arsomega:demon_realm",
  "advancement": "arsomega:better_forgotten",
  "pages": [
    {
      "type": "text",
      "text": "注意：此条目内某些特性可能会被修改，诅咒系统暂未完工。"
    },
    {
      "type": "spotlight",
      "item": "arsomega:curse_altar",
      "text": "诅咒祭坛可在恶魔领域内一大型神庙结构中找到。它是创造诅咒的必需之物。",
      "link_recipe": "true"
    },
    {
      "type": "text",
      "text": "创造诅咒只需简单三步：首先，将诅咒的配方放齐。可向炼药锅中加入有效诅咒原料，但最多只能放入5种共10个物品。在这步中，你也可以加入一个附魔镜之碎片以增强诅咒效力，但同时制作者（你）也会受到诅咒的影响。"
    },
    {
      "type": "text",
      "text": "第二步是终止诅咒的制作，使其不再会接受新原料并可被施放。对炼药锅使用恶魔宝石即可。"
    },
    {
      "type": "text",
      "text": "第三本则是施加诅咒。诅咒可远距生效，用沾有目标血液的针就能做到。然而，这么做会使得诅咒变得极其微弱。将其施加于食物再骗目标吃下的效果会好得多。传统上通常使用苹果，但所有食物都有效。"
    },
    {
      "type": "text",
      "text": "以下几页会列出各种原料和它们对诅咒的效用。"
    },
    {
      "type": "spotlight",
      "item": "minecraft:spider_eye",
      "text": "增加2点伤害，最多2个。"
    },
    {
      "type": "spotlight",
      "item": "minecraft:fermented_spider_eye",
      "text": "增加3点伤害，并给予弱效中毒。"
    },
    {
      "type": "spotlight",
      "item": "minecraft:bone",
      "text": "增加3点伤害。"
    },
    {
      "type": "spotlight",
      "item": "minecraft:rotten_flesh",
      "text": "增加3点伤害。"
    },
    {
      "type": "spotlight",
      "item": "arsomega:poison_flower",
      "text": "给予强效中毒，最多5个。"
    },
    {
      "type": "spotlight",
      "item": "minecraft:wither_rose",
      "text": "给予凋零。"
    },
    {
      "type": "spotlight",
      "item": "minecraft:glistering_melon_slice",
      "text": "给予弱效生命恢复。"
    },
    {
      "type": "spotlight",
      "item": "arsomega:life_essence",
      "text": "给予生命恢复。"
    },
    {
      "type": "spotlight",
      "item": "minecraft:gunpowder",
      "text": "小幅增加所有伤害性物品的效果。会与其他同类物品叠加。"
    },
    {
      "type": "spotlight",
      "item": "minecraft:ghast_tear",
      "text": "大幅增加所有伤害性物品的效果。会与其他同类物品叠加。"
    },
    {
      "type": "spotlight",
      "item": "minecraft:coal",
      "text": "小幅减少所有伤害性物品的效果。会与其他同类物品叠加。"
    },
    {
      "type": "spotlight",
      "item": "arsomega:gorgon_gem",
      "text": "暂时石化目标。"
    },
    {
      "type": "spotlight",
      "item": "arsomega:sigil_binding_active",
      "text": "暂时石化目标。再加5个戈耳工宝石能使石化效果变为永久。"
    }
  ]
}