{
  "name": "恶魔裂隙",
  "icon": "arsomega:demonic_rift",
  "category": "arsomega:demon_realm",
  "advancement": "arsomega:banished",
  "pages": [
    {
      "type": "text",
      "text": "恶魔裂隙在恶魔领域中不常见，它能将事物带回主世界。但它们并不稳定，且可能会将你置于危险境地之中。采矿或检查崖壁可能能发现一处。它们不会在维度顶端生成。"
    },
    {
      "type": "spotlight",
      "item": "arsomega:demonic_rift",
      "link_recipe": "true"
    }
  ]
}