{
  "name": "Diseased",
  "icon": "minecraft:ghast_tear",
  "category": "bloodmagic:alchemy_array/living_equipment/armor_downgrades",
  "pages": [
    {
      "type": "patchouli:text",
      "text": "Reduces the effectiveness of all healing sources. Caps out at 80%, so a source that would normally heal 10 hearts will only heal 2."
    },
    {
      "type": "bloodmagic:living_armour_downgrade",
      "a.recipe": "bloodmagic:downgrade/slow_heal",
      "b.upgrade": "bloodmagic:slow_heal"
    }
  ]
}